{
"10e":"",
"2ed":"",
"3ed":"",
"4ed":"",
"5dn":"",
"5ed":"",
"6ed":"",
"7ed":"",
"8ed":"",
"9ed":"",
"a25":"",
"aer":"",
"akh":"",
"ala":"",
"all":"",
"ann":"",
"apc":"",
"arb":"",
"arc":"",
"arn":"",
"ath":"",
"atq":"",
"avr":"",
"bfz":"",
"bng":"",
"bok":"",
"brb":"",
"btd":"",
"c13":"",
"c14":"",
"c15":"",
"c16":"",
"c17":"",
"chk":"",
"chr":"",
"cm1":"",
"cm2":"",
"cma":"",
"cmd":"",
"cns":"",
"cn2":"",
"con":"",
"csp":"",
"dd2":"",
"ddc":"",
"ddd":"",
"dde":"",
"ddf":"",
"ddg":"",
"ddh":"",
"ddi":"",
"ddj":"",
"ddk":"",
"ddl":"",
"ddm":"",
"ddn":"",
"ddo":"",
"ddp":"",
"ddq":"",
"ddr":"",
"dds":"",
"ddt":"",
"ddu":"",
"dgm":"",
"dis":"",
"dka":"",
"dkm":"",
"dom":"",
"dpa":"",
"drb":"",
"drk":"",
"dst":"",
"dtk":"",
"e01":"",
"e02":"",
"ema":"",
"emn":"",
"eve":"",
"evg":"",
"exo":"",
"exp":"",
"fem":"",
"frf":"",
"fut":"",
"gpt":"",
"gtc":"",
"h09":"",
"h17":"",
"hml":"",
"hop":"",
"hou":"",
"ice":"",
"ice2":"",
"ima":"",
"inv":"",
"isd":"",
"jou":"",
"jud":"",
"kld":"",
"ktk":"",
"lea":"",
"leb":"",
"leg":"",
"lgn":"",
"lrw":"",
"m10":"",
"m11":"",
"m12":"",
"m13":"",
"m14":"",
"m15":"",
"mbs":"",
"md1":"",
"me2":"",
"me3":"",
"me4":"",
"med":"",
"mir":"",
"mm2":"",
"mm3":"",
"mma":"",
"mmq":"",
"mor":"",
"mp1":"",
"mps_akh":"",
"mps":"",
"mrd":"",
"nem":"",
"nms":"",
"nph":"",
"ody":"",
"ogw":"",
"ons":"",
"ori":"",
"p02":"",
"pc2":"",
"pca":"",
"pcy":"",
"pd2":"",
"pd3":"",
"plc":"",
"pls":"",
"po2":"",
"por":"",
"ptk":"",
"rav":"",
"rix":"",
"roe":"",
"rtr":"",
"s00":"",
"s99":"",
"scg":"",
"shm":"",
"soi":"",
"sok":"",
"som":"",
"sth":"",
"td2":"",
"ths":"",
"tmp":"",
"tor":"",
"tpr":"",
"tsp":"",
"uds":"",
"ugl":"",
"ulg":"",
"unh":"",
"ust":"",
"usg":"",
"v09":"",
"v0x":"",
"v10":"",
"v11":"",
"v12":"",
"v13":"",
"v14":"",
"v15":"",
"v16":"",
"v17":"",
"van":"",
"vis":"",
"vma":"",
"w16":"",
"w17":"",
"wth":"",
"wwk":"",
"xln":"",
"zen":"",
"bcore":"",
"papac":"",
"parl":"",
"parl2":"",
"past":"",
"pbook":"",
"pdep":"",
"pdrc":"",
"peuro":"",
"pfnm":"",
"pgru":"",
"pheart":"",
"pidw":"",
"pleaf":"",
"pmei":"",
"pmodo":"",
"pmps":"",
"pmpu":"",
"pmtg1":"",
"pmtg2":"",
"pxbox":"",
"psalvat05":"",
"psalvat11":"",
"psega":"",
"psum":"",
"ptsa":"",
"pz1":"",
"pz2":"",
"x2ps":"",
"x4ea":"",
"xcle":"",
"xduels":"",
"xice":"",
"xmods":""
}
